day,T_years,forward_interp,is_pillar_day,forward_pillar
0,0.0,5868.550000000001,1,5868.55
1,0.0027397260273972603,5869.11414130477,0,
2,0.005479452054794521,5869.678336840211,0,
3,0.00821917808219178,5870.242586611547,0,
4,0.010958904109589041,5870.806890623973,0,
5,0.0136986301369863,5871.371248882712,0,
6,0.01643835616438356,5871.935661392979,0,
7,0.019178082191780823,5872.500128159999,0,
8,0.021917808219178082,5873.064649188968,0,
9,0.024657534246575342,5873.629224485112,0,
10,0.0273972602739726,5874.193854053648,0,
11,0.030136986301369864,5874.758537899802,0,
12,0.03287671232876712,5875.323276028773,0,
13,0.03561643835616438,5875.888068445789,0,
14,0.038356164383561646,5876.452915156078,0,
15,0.0410958904109589,5877.01781616484,0,
16,0.043835616438356165,5877.582771477304,0,
17,0.04657534246575343,5878.14778109869,0,
18,0.049315068493150684,5878.71284503422,0,
19,0.052054794520547946,5879.277963289124,0,
20,0.0547945205479452,5879.843135868605,0,
21,0.057534246575342465,5880.408362777893,0,
22,0.06027397260273973,5880.973644022222,0,
23,0.06301369863013699,5881.538979606797,0,
24,0.06575342465753424,5882.104369536848,0,
25,0.0684931506849315,5882.669813817602,0,
26,0.07123287671232877,5883.2353124542815,0,
27,0.07397260273972603,5883.8008654521245,0,
28,0.07671232876712329,5884.366472816335,0,
29,0.07945205479452055,5884.932134552148,0,
30,0.0821917808219178,5885.497850664804,0,
31,0.08493150684931507,5886.0636211595065,0,
32,0.08767123287671233,5886.629446041495,1,5886.629446041499
33,0.09041095890410959,5887.2200177595705,0,
34,0.09315068493150686,5887.810648726324,0,
35,0.0958904109589041,5888.401338947679,0,
36,0.09863013698630137,5888.992088429591,0,
37,0.10136986301369863,5889.582897178016,0,
38,0.10410958904109589,5890.173765198878,0,
39,0.10684931506849316,5890.7646924981345,0,
40,0.1095890410958904,5891.355679081744,0,
41,0.11232876712328767,5891.946724955631,0,
42,0.11506849315068493,5892.537830125755,0,
43,0.1178082191780822,5893.128994598077,0,
44,0.12054794520547946,5893.720218378524,0,
45,0.1232876712328767,5894.3115014730565,0,
46,0.12602739726027398,5894.902843887636,0,
47,0.12876712328767123,5895.494245628192,0,
48,0.13150684931506848,5896.085706700688,0,
49,0.13424657534246576,5896.677227111087,0,
50,0.136986301369863,5897.268806865319,0,
51,0.13972602739726028,5897.860445969351,0,
52,0.14246575342465753,5898.452144429145,0,
53,0.14520547945205478,5899.043902250637,0,
54,0.14794520547945206,5899.6357194397915,0,
55,0.1506849315068493,5900.227596002576,0,
56,0.15342465753424658,5900.819531944926,0,
57,0.15616438356164383,5901.411527272808,0,
58,0.1589041095890411,5902.003581992191,0,
59,0.16164383561643836,5902.595696109014,0,
60,0.1643835616438356,5903.187869629244,0,
61,0.16712328767123288,5903.780102558852,0,
62,0.16986301369863013,5904.3723949037785,0,
63,0.1726027397260274,5904.9647466700035,0,
64,0.17534246575342466,5905.557157863468,0,
65,0.1780821917808219,5906.149628490145,0,
66,0.18082191780821918,5906.742158556007,0,
67,0.18356164383561643,5907.334748066995,0,
68,0.1863013698630137,5907.927397029087,0,
69,0.18904109589041096,5908.520105448254,0,
70,0.1917808219178082,5909.112873330442,0,
71,0.19452054794520549,5909.705700681627,0,
72,0.19726027397260273,5910.298587507785,0,
73,0.2,5910.891533814862,0,
74,0.20273972602739726,5911.484539608836,0,
75,0.2054794520547945,5912.077604895685,0,
76,0.20821917808219179,5912.670729681357,0,
77,0.21095890410958903,5913.263913971832,0,
78,0.2136986301369863,5913.857157773091,0,
79,0.21643835616438356,5914.450461091081,0,
80,0.2191780821917808,5915.0438239317855,0,
81,0.2219178082191781,5915.637246301186,0,
82,0.22465753424657534,5916.2307282052325,0,
83,0.2273972602739726,5916.82426964991,0,
84,0.23013698630136986,5917.417870641201,0,
85,0.2328767123287671,5918.01153118506,0,
86,0.2356164383561644,5918.605251287471,0,
87,0.23835616438356164,5919.199030954421,0,
88,0.2410958904109589,5919.792870191863,1,5919.79287019186
89,0.24383561643835616,5920.398300868154,0,
90,0.2465753424657534,5921.003793463218,0,
91,0.2493150684931507,5921.609347983386,0,
92,0.25205479452054796,5922.214964434992,0,
93,0.2547945205479452,5922.820642824369,0,
94,0.25753424657534246,5923.426383157853,0,
95,0.2602739726027397,5924.032185441777,0,
96,0.26301369863013696,5924.638049682479,0,
97,0.26575342465753427,5925.243975886294,0,
98,0.2684931506849315,5925.849964059559,0,
99,0.27123287671232876,5926.456014208612,0,
100,0.273972602739726,5927.0621263397925,0,
101,0.27671232876712326,5927.668300459439,0,
102,0.27945205479452057,5928.27453657389,0,
103,0.2821917808219178,5928.8808346894875,0,
104,0.28493150684931506,5929.487194812571,0,
105,0.2876712328767123,5930.0936169494835,0,
106,0.29041095890410956,5930.700101106567,0,
107,0.29315068493150687,5931.306647290164,0,
108,0.2958904109589041,5931.913255506618,0,
109,0.29863013698630136,5932.5199257622735,0,
110,0.3013698630136986,5933.126658063476,0,
111,0.3041095890410959,5933.733452416569,0,
112,0.30684931506849317,5934.340308827901,0,
113,0.3095890410958904,5934.947227303818,0,
114,0.31232876712328766,5935.554207850668,0,
115,0.3150684931506849,5936.161250474798,0,
116,0.3178082191780822,5936.768355182558,0,
117,0.32054794520547947,5937.375521980295,0,
118,0.3232876712328767,5937.982750874363,0,
119,0.32602739726027397,5938.590041871109,0,
120,0.3287671232876712,5939.197394976887,0,
121,0.3315068493150685,5939.804810198048,0,
122,0.33424657534246577,5940.412287540944,0,
123,0.336986301369863,5941.019827011929,0,
124,0.33972602739726027,5941.6274286173575,0,
125,0.3424657534246575,5942.235092363584,0,
126,0.3452054794520548,5942.842818256963,0,
127,0.34794520547945207,5943.450606303851,0,
128,0.3506849315068493,5944.058456510605,0,
129,0.35342465753424657,5944.666368883581,0,
130,0.3561643835616438,5945.274343429137,0,
131,0.3589041095890411,5945.882380153633,0,
132,0.36164383561643837,5946.490479063426,0,
133,0.3643835616438356,5947.098640164879,0,
134,0.36712328767123287,5947.706863464349,0,
135,0.3698630136986301,5948.3151489681995,0,
136,0.3726027397260274,5948.923496682792,0,
137,0.37534246575342467,5949.5319066144875,0,
138,0.3780821917808219,5950.14037876965,0,
139,0.38082191780821917,5950.748913154644,0,
140,0.3835616438356164,5951.357509775832,0,
141,0.3863013698630137,5951.966168639581,0,
142,0.38904109589041097,5952.574889752256,0,
143,0.3917808219178082,5953.183673120223,0,
144,0.39452054794520547,5953.7925187498495,0,
145,0.3972602739726027,5954.401426647502,0,
146,0.4,5955.01039681955,0,
147,0.40273972602739727,5955.619429272362,0,
148,0.4054794520547945,5956.228524012308,0,
149,0.40821917808219177,5956.837681045758,0,
150,0.410958904109589,5957.446900379083,0,
151,0.4136986301369863,5958.056182018653,0,
152,0.41643835616438357,5958.665525970843,0,
153,0.4191780821917808,5959.274932242024,0,
154,0.42191780821917807,5959.8844008385695,0,
155,0.4246575342465753,5960.493931766855,0,
156,0.4273972602739726,5961.103525033253,0,
157,0.4301369863013699,5961.713180644141,0,
158,0.4328767123287671,5962.322898605895,0,
159,0.43561643835616437,5962.932678924891,0,
160,0.4383561643835616,5963.542521607506,0,
161,0.4410958904109589,5964.15242666012,0,
162,0.4438356164383562,5964.762394089109,0,
163,0.4465753424657534,5965.372423900854,0,
164,0.44931506849315067,5965.982516101736,0,
165,0.4520547945205479,5966.592670698134,0,
166,0.4547945205479452,5967.20288769643,0,
167,0.4575342465753425,5967.813167103005,0,
168,0.4602739726027397,5968.423508924243,0,
169,0.46301369863013697,5969.033913166526,0,
170,0.4657534246575342,5969.64437983624,0,
171,0.4684931506849315,5970.254908939767,0,
172,0.4712328767123288,5970.8655004834945,0,
173,0.473972602739726,5971.476154473808,0,
174,0.4767123287671233,5972.086870917092,0,
175,0.4794520547945205,5972.6976498197355,0,
176,0.4821917808219178,5973.308491188127,0,
177,0.4849315068493151,5973.919395028653,0,
178,0.4876712328767123,5974.5303613477045,0,
179,0.4904109589041096,5975.14139015167,1,5975.141390151673
180,0.4931506849315068,5975.732838866801,0,
181,0.4958904109589041,5976.324346126419,0,
182,0.4986301369863014,5976.915911936318,0,
183,0.5013698630136987,5977.5075363022825,0,
184,0.5041095890410959,5978.099219230131,0,
185,0.5068493150684932,5978.690960725649,0,
186,0.5095890410958904,5979.282760794635,0,
187,0.5123287671232877,5979.874619442885,0,
188,0.5150684931506849,5980.466536676198,0,
189,0.5178082191780822,5981.0585125003745,0,
190,0.5205479452054794,5981.650546921202,0,
191,0.5232876712328767,5982.242639944502,0,
192,0.5260273972602739,5982.834791576065,0,
193,0.5287671232876713,5983.427001821693,0,
194,0.5315068493150685,5984.019270687187,0,
195,0.5342465753424658,5984.611598178349,0,
196,0.536986301369863,5985.2039843009825,0,
197,0.5397260273972603,5985.796429060882,0,
198,0.5424657534246575,5986.388932463871,0,
199,0.5452054794520548,5986.981494515744,0,
200,0.547945205479452,5987.574115222307,0,
201,0.5506849315068493,5988.166794589366,0,
202,0.5534246575342465,5988.759532622727,0,
203,0.5561643835616439,5989.352329328197,0,
204,0.5589041095890411,5989.945184711573,0,
205,0.5616438356164384,5990.538098778686,0,
206,0.5643835616438356,5991.131071535332,0,
207,0.5671232876712329,5991.724102987321,0,
208,0.5698630136986301,5992.317193140464,0,
209,0.5726027397260274,5992.91034200057,0,
210,0.5753424657534246,5993.503549573451,0,
211,0.5780821917808219,5994.096815864908,0,
212,0.5808219178082191,5994.690140880774,0,
213,0.5835616438356165,5995.283524626852,0,
214,0.5863013698630137,5995.876967108956,0,
215,0.589041095890411,5996.470468332898,0,
216,0.5917808219178082,5997.064028304493,0,
217,0.5945205479452055,5997.657647029558,0,
218,0.5972602739726027,5998.251324513896,0,
219,0.6,5998.845060763346,0,
220,0.6027397260273972,5999.438855783713,0,
221,0.6054794520547945,6000.032709580814,0,
222,0.6082191780821918,6000.626622160469,0,
223,0.6109589041095891,6001.220593528496,0,
224,0.6136986301369863,6001.814623690712,0,
225,0.6164383561643836,6002.40871265294,0,
226,0.6191780821917808,6003.002860420988,0,
227,0.6219178082191781,6003.597067000698,0,
228,0.6246575342465753,6004.1913323978815,0,
229,0.6273972602739726,6004.785656618359,0,
230,0.6301369863013698,6005.380039667955,0,
231,0.6328767123287671,6005.974481552493,0,
232,0.6356164383561644,6006.568982277794,0,
233,0.6383561643835617,6007.163541849674,0,
234,0.6410958904109589,6007.758160273979,0,
235,0.6438356164383562,6008.352837556524,0,
236,0.6465753424657534,6008.9475737031335,0,
237,0.6493150684931507,6009.542368719636,0,
238,0.6520547945205479,6010.137222611857,0,
239,0.6547945205479452,6010.732135385627,0,
240,0.6575342465753424,6011.327107046761,0,
241,0.6602739726027397,6011.92213760111,0,
242,0.663013698630137,6012.517227054494,0,
243,0.6657534246575343,6013.112375412741,0,
244,0.6684931506849315,6013.707582681684,0,
245,0.6712328767123288,6014.3028488671525,0,
246,0.673972602739726,6014.898173974979,0,
247,0.6767123287671233,6015.493558010986,0,
248,0.6794520547945205,6016.089000981027,0,
249,0.6821917808219178,6016.684502890925,0,
250,0.684931506849315,6017.280063746514,0,
251,0.6876712328767123,6017.87568355363,0,
252,0.6904109589041096,6018.471362318106,0,
253,0.6931506849315069,6019.06710004578,0,
254,0.6958904109589041,6019.662896742476,0,
255,0.6986301369863014,6020.2587524140545,0,
256,0.7013698630136986,6020.85466706634,0,
257,0.7041095890410959,6021.450640705173,0,
258,0.7068493150684931,6022.046673336391,0,
259,0.7095890410958904,6022.6427649658335,0,
260,0.7123287671232876,6023.238915599341,0,
261,0.7150684931506849,6023.835125242743,0,
262,0.7178082191780822,6024.431393901901,0,
263,0.7205479452054795,6025.027721582647,0,
264,0.7232876712328767,6025.624108290824,0,
265,0.726027397260274,6026.220554032273,0,
266,0.7287671232876712,6026.817058812839,0,
267,0.7315068493150685,6027.413622638364,0,
268,0.7342465753424657,6028.010245514684,0,
269,0.736986301369863,6028.606927447665,0,
270,0.7397260273972602,6029.203668443141,0,
271,0.7424657534246575,6029.800468506959,0,
272,0.7452054794520548,6030.397327644967,0,
273,0.7479452054794521,6030.99424586301,0,
274,0.7506849315068493,6031.591223166938,0,
275,0.7534246575342466,6032.1882595625875,0,
276,0.7561643835616438,6032.785355055831,0,
277,0.7589041095890411,6033.382509652505,0,
278,0.7616438356164383,6033.979723358462,0,
279,0.7643835616438356,6034.576996179553,0,
280,0.7671232876712328,6035.174328121628,0,
281,0.7698630136986301,6035.771719190539,0,
282,0.7726027397260274,6036.36916939213,0,
283,0.7753424657534247,6036.966678732274,0,
284,0.7780821917808219,6037.564247216814,0,
285,0.7808219178082192,6038.161874851605,0,
286,0.7835616438356164,6038.759561642502,0,
287,0.7863013698630137,6039.357307595361,0,
288,0.7890410958904109,6039.955112716037,0,
289,0.7917808219178082,6040.552977010377,0,
290,0.7945205479452054,6041.150900484258,0,
291,0.7972602739726027,6041.74888314353,0,
292,0.8,6042.346924994049,0,
293,0.8027397260273973,6042.945026041676,0,
294,0.8054794520547945,6043.543186292269,0,
295,0.8082191780821918,6044.141405751689,0,
296,0.810958904109589,6044.7396844257855,0,
297,0.8136986301369863,6045.338022320441,0,
298,0.8164383561643835,6045.936419441508,0,
299,0.8191780821917808,6046.5348757948495,0,
300,0.821917808219178,6047.133391386326,0,
301,0.8246575342465754,6047.731966221803,0,
302,0.8273972602739726,6048.330600307145,0,
303,0.8301369863013699,6048.929293648205,0,
304,0.8328767123287671,6049.528046250871,0,
305,0.8356164383561644,6050.126858120997,0,
306,0.8383561643835616,6050.725729264451,0,
307,0.8410958904109589,6051.3246596870995,0,
308,0.8438356164383561,6051.923649394809,0,
309,0.8465753424657534,6052.52269839345,0,
310,0.8493150684931506,6053.12180668888,0,
311,0.852054794520548,6053.720974286989,0,
312,0.8547945205479452,6054.320201193636,0,
313,0.8575342465753425,6054.919487414694,0,
314,0.8602739726027397,6055.518832956033,0,
315,0.863013698630137,6056.118237823524,0,
316,0.8657534246575342,6056.717702023041,0,
317,0.8684931506849315,6057.317225560444,0,
318,0.8712328767123287,6057.916808441631,0,
319,0.873972602739726,6058.516450672462,0,
320,0.8767123287671232,6059.1161522588145,0,
321,0.8794520547945206,6059.715913206562,0,
322,0.8821917808219178,6060.315733521582,0,
323,0.8849315068493151,6060.91561320975,0,
324,0.8876712328767123,6061.515552276942,0,
325,0.8904109589041096,6062.115550729027,0,
326,0.8931506849315068,6062.715608571903,0,
327,0.8958904109589041,6063.31572581144,0,
328,0.8986301369863013,6063.915902453515,0,
329,0.9013698630136986,6064.516138504009,0,
330,0.9041095890410958,6065.116433968803,0,
331,0.9068493150684932,6065.716788853778,0,
332,0.9095890410958904,6066.317203164805,0,
333,0.9123287671232877,6066.917676907787,0,
334,0.915068493150685,6067.518210088596,0,
335,0.9178082191780822,6068.118802713117,0,
336,0.9205479452054794,6068.719454787232,0,
337,0.9232876712328767,6069.320166316827,0,
338,0.9260273972602739,6069.920937307788,0,
339,0.9287671232876712,6070.521767765988,0,
340,0.9315068493150684,6071.122657697336,0,
341,0.9342465753424658,6071.723607107708,0,
342,0.936986301369863,6072.324616002991,0,
343,0.9397260273972603,6072.925684389074,0,
344,0.9424657534246575,6073.526812271845,0,
345,0.9452054794520548,6074.127999657194,0,
346,0.947945205479452,6074.729246550999,0,
347,0.9506849315068493,6075.330552959173,0,
348,0.9534246575342465,6075.931918887596,0,
349,0.9561643835616438,6076.533344342159,0,
350,0.958904109589041,6077.134829328755,0,
351,0.9616438356164384,6077.736373853276,0,
352,0.9643835616438357,6078.337977921617,0,
353,0.9671232876712329,6078.939641539659,0,
354,0.9698630136986301,6079.541364713318,0,
355,0.9726027397260274,6080.143147448481,0,
356,0.9753424657534246,6080.744989751041,0,
357,0.9780821917808219,6081.346891626896,0,
358,0.9808219178082191,6081.948853081942,0,
359,0.9835616438356164,6082.5508741220765,0,
360,0.9863013698630136,6083.152954753186,0,
361,0.989041095890411,6083.755094981193,0,
362,0.9917808219178083,6084.357294811984,0,
363,0.9945205479452055,6084.959554251459,1,6084.959554251463
364,0.9972602739726028,6085.537977915022,0,
365,1.0,6086.11645656233,0,
366,1.0027397260273974,6086.694990198633,0,
367,1.0054794520547945,6087.273578829136,0,
368,1.0082191780821919,6087.852222459086,0,
369,1.010958904109589,6088.430921093693,0,
370,1.0136986301369864,6089.009674738204,0,
371,1.0164383561643835,6089.588483397829,0,
372,1.0191780821917809,6090.167347077818,0,
373,1.021917808219178,6090.74626578339,0,
374,1.0246575342465754,6091.325239519766,0,
375,1.0273972602739727,6091.904268292198,0,
376,1.0301369863013699,6092.483352105896,0,
377,1.0328767123287672,6093.062490966115,0,
378,1.0356164383561643,6093.641684878064,0,
379,1.0383561643835617,6094.2209338469975,0,
380,1.0410958904109588,6094.800237878129,0,
381,1.0438356164383562,6095.379596976714,0,
382,1.0465753424657533,6095.959011147966,0,
383,1.0493150684931507,6096.53848039714,0,
384,1.0520547945205478,6097.118004729462,0,
385,1.0547945205479452,6097.697584150157,0,
386,1.0575342465753426,6098.277218664483,0,
387,1.0602739726027397,6098.856908277657,0,
388,1.063013698630137,6099.436652994936,0,
389,1.0657534246575342,6100.016452821536,0,
390,1.0684931506849316,6100.59630776272,0,
391,1.0712328767123287,6101.176217823704,0,
392,1.073972602739726,6101.756183009748,0,
393,1.0767123287671232,6102.336203326084,0,
394,1.0794520547945206,6102.91627877794,0,
395,1.082191780821918,6103.4964093705785,0,
396,1.084931506849315,6104.076595109219,0,
397,1.0876712328767124,6104.656835999127,0,
398,1.0904109589041096,6105.237132045522,0,
399,1.093150684931507,6105.81748325367,0,
400,1.095890410958904,6106.397889628792,0,
401,1.0986301369863014,6106.978351176153,0,
402,1.1013698630136985,6107.558867900977,0,
403,1.104109589041096,6108.139439808531,0,
404,1.106849315068493,6108.7200669040485,0,
405,1.1095890410958904,6109.300749192766,0,
406,1.1123287671232878,6109.88148667995,0,
407,1.115068493150685,6110.462279370828,0,
408,1.1178082191780823,6111.043127270667,0,
409,1.1205479452054794,6111.624030384696,0,
410,1.1232876712328768,6112.204988718183,0,
411,1.126027397260274,6112.786002276356,0,
412,1.1287671232876713,6113.367071064487,0,
413,1.1315068493150684,6113.948195087814,0,
414,1.1342465753424658,6114.529374351579,0,
415,1.1369863013698631,6115.11060886105,0,
416,1.1397260273972603,6115.691898621462,0,
417,1.1424657534246576,6116.273243638087,0,
418,1.1452054794520548,6116.854643916154,0,
419,1.1479452054794521,6117.43609946094,0,
420,1.1506849315068493,6118.017610277675,0,
421,1.1534246575342466,6118.5991763716365,0,
422,1.1561643835616437,6119.180797748068,0,
423,1.158904109589041,6119.762474412212,0,
424,1.1616438356164382,6120.344206369348,0,
425,1.1643835616438356,6120.925993624709,0,
426,1.167123287671233,6121.507836183573,0,
427,1.16986301369863,6122.089734051176,0,
428,1.1726027397260275,6122.671687232797,0,
429,1.1753424657534246,6123.2536957336715,0,
430,1.178082191780822,6123.835759559081,0,
431,1.180821917808219,6124.417878714264,0,
432,1.1835616438356165,6125.000053204499,0,
433,1.1863013698630136,6125.582283035036,0,
434,1.189041095890411,6126.164568211125,0,
435,1.1917808219178083,6126.74690873805,0,
436,1.1945205479452055,6127.329304621047,0,
437,1.1972602739726028,6127.911755865405,0,
438,1.2,6128.494262476361,0,
439,1.2027397260273973,6129.076824459201,0,
440,1.2054794520547945,6129.659441819167,0,
441,1.2082191780821918,6130.242114561544,0,
442,1.210958904109589,6130.824842691587,0,
443,1.2136986301369863,6131.407626214548,0,
444,1.2164383561643837,6131.9904651357165,0,
445,1.2191780821917808,6132.573359460336,0,
446,1.2219178082191782,6133.156309193694,0,
447,1.2246575342465753,6133.739314341037,0,
448,1.2273972602739727,6134.322374907654,0,
449,1.2301369863013698,6134.905490898791,0,
450,1.2328767123287672,6135.488662319738,0,
451,1.2356164383561643,6136.071889175742,0,
452,1.2383561643835617,6136.655171472096,0,
453,1.2410958904109588,6137.2385092140585,0,
454,1.2438356164383562,6137.821902406888,0,
455,1.2465753424657535,6138.405351055878,0,
456,1.2493150684931507,6138.988855166278,0,
457,1.252054794520548,6139.572414743383,0,
458,1.2547945205479452,6140.1560297924425,0,
459,1.2575342465753425,6140.739700318752,0,
460,1.2602739726027397,6141.323426327563,0,
461,1.263013698630137,6141.907207824171,0,
462,1.2657534246575342,6142.49104481384,0,
463,1.2684931506849315,6143.074937301834,0,
464,1.2712328767123289,6143.658885293452,0,
465,1.273972602739726,6144.242888793946,0,
466,1.2767123287671234,6144.826947808615,0,
467,1.2794520547945205,6145.411062342714,0,
468,1.2821917808219179,6145.995232401543,0,
469,1.284931506849315,6146.579457990359,0,
470,1.2876712328767124,6147.16373911446,0,
471,1.2904109589041095,6147.748075779117,0,
472,1.2931506849315069,6148.332467989597,0,
473,1.295890410958904,6148.9169157512015,0,
474,1.2986301369863014,6149.50141906919,0,
475,1.3013698630136987,6150.085977948866,0,
476,1.3041095890410959,6150.670592395488,0,
477,1.3068493150684932,6151.25526241436,0,
478,1.3095890410958904,6151.839988010744,0,
479,1.3123287671232877,6152.424769189944,0,
480,1.3150684931506849,6153.0096059572215,0,
481,1.3178082191780822,6153.594498317883,0,
482,1.3205479452054794,6154.179446277202,0,
483,1.3232876712328767,6154.7644498404525,0,
484,1.326027397260274,6155.349509012943,0,
485,1.3287671232876712,6155.934623799935,0,
486,1.3315068493150686,6156.519794206741,0,
487,1.3342465753424657,6157.105020238622,0,
488,1.336986301369863,6157.6903019008905,0,
489,1.3397260273972602,6158.275639198812,0,
490,1.3424657534246576,6158.861032137696,0,
491,1.3452054794520547,6159.446480722822,0,
492,1.347945205479452,6160.031984959468,0,
493,1.3506849315068492,6160.617544852947,0,
494,1.3534246575342466,6161.203160408525,0,
495,1.356164383561644,6161.7888316315175,0,
496,1.358904109589041,6162.3745585271945,0,
497,1.3616438356164384,6162.960341100868,0,
498,1.3643835616438356,6163.546179357811,0,
499,1.367123287671233,6164.132073303335,0,
500,1.36986301369863,6164.718022942728,0,
501,1.3726027397260274,6165.304028281268,0,
502,1.3753424657534246,6165.890089324275,0,
503,1.378082191780822,6166.476206077021,0,
504,1.3808219178082193,6167.062378544823,0,
505,1.3835616438356164,6167.648606732956,0,
506,1.3863013698630138,6168.234890646739,0,
507,1.389041095890411,6168.821230291446,0,
508,1.3917808219178083,6169.407625672398,0,
509,1.3945205479452054,6169.99407679487,0,
510,1.3972602739726028,6170.580583664183,0,
511,1.4,6171.167146285626,0,
512,1.4027397260273973,6171.753764664487,0,
513,1.4054794520547946,6172.340438806087,0,
514,1.4082191780821918,6172.927168715707,0,
515,1.4109589041095891,6173.513954398669,0,
516,1.4136986301369863,6174.100795860252,0,
517,1.4164383561643836,6174.687693105782,0,
518,1.4191780821917808,6175.274646140539,0,
519,1.4219178082191781,6175.861654969846,0,
520,1.4246575342465753,6176.448719598999,0,
521,1.4273972602739726,6177.03584003329,0,
522,1.4301369863013698,6177.623016278045,0,
523,1.4328767123287671,6178.210248338548,0,
524,1.4356164383561645,6178.797536220126,0,
525,1.4383561643835616,6179.384879928064,0,
526,1.441095890410959,6179.972279467691,0,
527,1.4438356164383561,6180.559734844292,0,
528,1.4465753424657535,6181.147246063195,0,
529,1.4493150684931506,6181.7348131296885,0,
530,1.452054794520548,6182.322436049102,0,
531,1.4547945205479451,6182.9101148267355,0,
532,1.4575342465753425,6183.497849467885,0,
533,1.4602739726027398,6184.085639977886,0,
534,1.463013698630137,6184.673486362024,0,
535,1.4657534246575343,6185.261388625635,0,
536,1.4684931506849315,6185.849346774007,0,
537,1.4712328767123288,6186.437360812475,0,
538,1.473972602739726,6187.025430746329,0,
539,1.4767123287671233,6187.613556580906,0,
540,1.4794520547945205,6188.201738321508,0,
541,1.4821917808219178,6188.789975973437,0,
542,1.484931506849315,6189.378269542032,0,
543,1.4876712328767123,6189.966619032585,0,
544,1.4904109589041097,6190.555024450434,0,
545,1.4931506849315068,6191.143485800873,0,
546,1.4958904109589042,6191.732003089242,0,
547,1.4986301369863013,6192.320576320835,0,
548,1.5013698630136987,6192.909205500993,0,
549,1.5041095890410958,6193.4978906350225,0,
550,1.5068493150684932,6194.086631728232,0,
551,1.5095890410958903,6194.675428785962,0,
552,1.5123287671232877,6195.264281813512,0,
553,1.515068493150685,6195.853190816222,0,
554,1.5178082191780822,6196.442155799393,0,
555,1.5205479452054795,6197.031176768367,0,
556,1.5232876712328767,6197.620253728444,0,
557,1.526027397260274,6198.20938668497,0,
558,1.5287671232876712,6198.798575643244,0,
559,1.5315068493150685,6199.387820608612,0,
560,1.5342465753424657,6199.9771215863875,0,
561,1.536986301369863,6200.5664785818835,0,
562,1.5397260273972602,6201.155891600447,0,
563,1.5424657534246575,6201.745360647381,0,
564,1.5452054794520549,6202.334885728034,0,
565,1.547945205479452,6202.92446684771,0,
566,1.5506849315068494,6203.514104011759,0,
567,1.5534246575342465,6204.103797225485,0,
568,1.5561643835616439,6204.693546494239,0,
569,1.558904109589041,6205.283351823338,0,
570,1.5616438356164384,6205.8732132181,0,
571,1.5643835616438355,6206.463130683876,0,
572,1.5671232876712329,6207.053104225975,0,
573,1.5698630136986302,6207.64313384975,0,
574,1.5726027397260274,6208.233219560509,0,
575,1.5753424657534247,6208.823361363604,0,
576,1.5780821917808219,6209.413559264348,0,
577,1.5808219178082192,6210.003813268093,0,
578,1.5835616438356164,6210.594123380152,0,
579,1.5863013698630137,6211.18448960588,0,
580,1.5890410958904109,6211.774911950599,0,
581,1.5917808219178082,6212.3653904196335,0,
582,1.5945205479452054,6212.955925018341,0,
583,1.5972602739726027,6213.546515752034,0,
584,1.6,6214.137162626071,0,
585,1.6027397260273972,6214.7278656457665,0,
586,1.6054794520547946,6215.31862481648,0,
587,1.6082191780821917,6215.909440143527,0,
588,1.610958904109589,6216.500311632267,0,
589,1.6136986301369862,6217.091239288027,0,
590,1.6164383561643836,6217.682223116138,0,
591,1.6191780821917807,6218.273263121959,0,
592,1.621917808219178,6218.864359310809,0,
593,1.6246575342465754,6219.45551168805,0,
594,1.6273972602739726,6220.0467202590025,0,
595,1.63013698630137,6220.637985029029,0,
596,1.632876712328767,6221.22930600345,0,
597,1.6356164383561644,6221.8206831876305,0,
598,1.6383561643835616,6222.412116586902,0,
599,1.641095890410959,6223.003606206597,0,
600,1.643835616438356,6223.595152052084,0,
601,1.6465753424657534,6224.186754128683,0,
602,1.6493150684931508,6224.778412441761,0,
603,1.652054794520548,6225.370126996645,0,
604,1.6547945205479453,6225.9618977987,0,
605,1.6575342465753424,6226.553724853252,0,
606,1.6602739726027398,6227.145608165671,0,
607,1.663013698630137,6227.737547741281,0,
608,1.6657534246575343,6228.3295435854525,0,
609,1.6684931506849314,6228.921595703525,0,
610,1.6712328767123288,6229.513704100836,0,
611,1.673972602739726,6230.105868782755,0,
612,1.6767123287671233,6230.698089754615,0,
613,1.6794520547945206,6231.290367021784,0,
614,1.6821917808219178,6231.882700589595,0,
615,1.6849315068493151,6232.475090463418,0,
616,1.6876712328767123,6233.0675366485875,0,
617,1.6904109589041096,6233.660039150476,0,
618,1.6931506849315068,6234.252597974426,0,
619,1.6958904109589041,6234.845213125781,0,
620,1.6986301369863013,6235.437884609917,0,
621,1.7013698630136986,6236.030612432167,0,
622,1.704109589041096,6236.623396597907,0,
623,1.7068493150684931,6237.216237112473,0,
624,1.7095890410958905,6237.809133981243,0,
625,1.7123287671232876,6238.402087209551,0,
626,1.715068493150685,6238.995096802777,0,
627,1.7178082191780821,6239.588162766257,0,
628,1.7205479452054795,6240.18128510537,0,
629,1.7232876712328766,6240.774463825466,0,
630,1.726027397260274,6241.367698931894,0,
631,1.7287671232876711,6241.960990430033,0,
632,1.7315068493150685,6242.554338325223,0,
633,1.7342465753424658,6243.147742622848,0,
634,1.736986301369863,6243.741203328246,0,
635,1.7397260273972603,6244.334720446802,0,
636,1.7424657534246575,6244.928293983856,0,
637,1.7452054794520548,6245.521923944793,0,
638,1.747945205479452,6246.115610334966,0,
639,1.7506849315068493,6246.7093531597275,0,
640,1.7534246575342465,6247.303152424464,0,
641,1.7561643835616438,6247.89700813452,0,
642,1.7589041095890412,6248.49092029528,0,
643,1.7616438356164383,6249.084888912092,0,
644,1.7643835616438357,6249.678913990341,0,
645,1.7671232876712328,6250.272995535375,0,
646,1.7698630136986302,6250.867133552581,0,
647,1.7726027397260273,6251.461328047319,0,
648,1.7753424657534247,6252.055579024944,0,
649,1.7780821917808218,6252.649886490849,0,
650,1.7808219178082192,6253.24425045038,0,
651,1.7835616438356163,6253.838670908931,0,
652,1.7863013698630137,6254.433147871849,0,
653,1.789041095890411,6255.027681344528,0,
654,1.7917808219178082,6255.622271332318,0,
655,1.7945205479452055,6256.216917840613,0,
656,1.7972602739726027,6256.811620874762,0,
657,1.8,6257.406380440164,0,
658,1.8027397260273972,6258.001196542179,0,
659,1.8054794520547945,6258.59606918617,0,
660,1.8082191780821917,6259.190998377535,0,
661,1.810958904109589,6259.785984121627,0,
662,1.8136986301369864,6260.381026423844,0,
663,1.8164383561643835,6260.976125289539,0,
664,1.819178082191781,6261.571280724112,0,
665,1.821917808219178,6262.1664927329175,0,
666,1.8246575342465754,6262.761761321357,0,
667,1.8273972602739725,6263.357086494796,0,
668,1.83013698630137,6263.952468258603,0,
669,1.832876712328767,6264.547906618181,0,
670,1.8356164383561644,6265.143401578885,0,
671,1.8383561643835618,6265.738953146118,0,
672,1.841095890410959,6266.33456132524,0,
673,1.8438356164383563,6266.930226121654,0,
674,1.8465753424657534,6267.525947540721,0,
675,1.8493150684931507,6268.121725587844,0,
676,1.8520547945205479,6268.717560268395,0,
677,1.8547945205479452,6269.313451587746,0,
678,1.8575342465753424,6269.909399551305,0,
679,1.8602739726027397,6270.505404164433,0,
680,1.8630136986301369,6271.101465432536,0,
681,1.8657534246575342,6271.69758336098,0,
682,1.8684931506849316,6272.293757955172,0,
683,1.8712328767123287,6272.8899892204745,0,
684,1.873972602739726,6273.4862771623,0,
685,1.8767123287671232,6274.082621786011,0,
686,1.8794520547945206,6274.67902309702,0,
687,1.8821917808219177,6275.2754811007035,0,
688,1.884931506849315,6275.871995802439,0,
689,1.8876712328767122,6276.468567207639,0,
690,1.8904109589041096,6277.065195321671,0,
691,1.893150684931507,6277.661880149948,0,
692,1.895890410958904,6278.258621697839,0,
693,1.8986301369863015,6278.855419970758,0,
694,1.9013698630136986,6279.4522749740745,0,
695,1.904109589041096,6280.049186713204,0,
696,1.906849315068493,6280.646155193528,0,
697,1.9095890410958904,6281.243180420429,0,
698,1.9123287671232876,6281.840262399324,0,
699,1.915068493150685,6282.437401135586,0,
700,1.917808219178082,6283.03459663463,0,
701,1.9205479452054794,6283.631848901833,0,
702,1.9232876712328768,6284.229157942611,0,
703,1.926027397260274,6284.826523762339,0,
704,1.9287671232876713,6285.423946366437,0,
705,1.9315068493150684,6286.021425760281,0,
706,1.9342465753424658,6286.61896194929,0,
707,1.936986301369863,6287.216554938853,0,
708,1.9397260273972603,6287.814204734358,0,
709,1.9424657534246574,6288.411911341227,0,
710,1.9452054794520548,6289.009674764838,0,
711,1.9479452054794522,6289.607495010614,0,
712,1.9506849315068493,6290.205372083935,0,
713,1.9534246575342467,6290.803305990224,0,
714,1.9561643835616438,6291.401296734861,0,
715,1.9589041095890412,6291.999344323272,1,6291.999344323269
